Região,UF,IBGE,Município,População,Total domicílios*,Domicílios com a TRIA aplicada,Domicílios em risco de insegurança alimentar,% Domicílios em risco de insegurança alimentar,Pessoas em domicílios em risco de insegurança alimentar,Domicílios em risco de insegurança alimentar com pessoas com deficiência ,% de domicílios em risco de insegurança alimentar com pessoas com deficiência ,Domicílios em risco de insegurança alimentar com pessoas em situação de rua,% de domicílios em risco de insegurança alimentar com pessoas em situação de rua,Domicílios em risco de insegurança alimentar com pessoas de povo ou comunidade tradicional,% de domicílios em risco de insegurança alimentar com pessoas de povo ou comunidade tradicional,Domicílios em risco de insegurança alimentar com pessoas menores de 18 anos,% de domicílios em risco de insegurança alimentar com pessoas menores de 18 anos,Domicílios em risco de insegurança alimentar com RF respondente do sexo feminino,% de domicílios em risco de insegurança alimentar com RF respondente do sexo feminino,Domicílios em risco de insegurança alimentar com RF respondente do sexo masculino,% de domicílios em risco de insegurança alimentar com RF respondente do sexo masculino,Domicílios em risco de insegurança alimentar com RF respondente autodeclarado pardo,% de domicílios em risco de insegurança alimentar com RF respondente autodeclarado pardo,Domicílios em risco de insegurança alimentar com RF respondente autodeclarado branco,% de domicílios em risco de insegurança alimentar com RF respondente autodeclarado branco,Domicílios em risco de insegurança alimentar com RF respondente autodeclarado amarelo,% de domicílios em risco de insegurança alimentar com RF respondente autodeclarado amarelo,Domicílios em risco de insegurança alimentar com RF respondente autodeclarado preto,% de domicílios em risco de insegurança alimentar com RF respondente autodeclarado preto,Domicílios em risco de insegurança alimentar com RF respondente autodeclarado indígena,% de domicílios em risco de insegurança alimentar com RF respondente autodeclarado indígena,Competência,Micro Região,Macro Região
NORTE,PA,150010,ABAETETUBA,170999,51416,31640,13422,"42,4",46618,2378,"17,7",2,0,4053,"30,2",7805,"58,2",7551,"64,4",4167,"35,6",9178,"78,3",1246,"10,6",11,"0,1",1282,"10,9",2,0,nov/2023 a dez/2025,TOCANTINS,MACRO I
NORTE,PA,150013,ABEL FIGUEIREDO,6302,2583,2358,261,"11,1",956,32,"12,3",0,0,4,"1,5",157,"60,2",165,"77,8",47,"22,2",162,"76,4",21,"9,9",4,"1,9",25,"11,8",0,0,nov/2023 a dez/2025,CARAJÁS,MACRO IV
NORTE,PA,150020,ACARA,62701,21771,3015,1079,"35,8",3691,128,"11,9",7,"0,6",166,"15,4",655,"60,7",522,"57,4",388,"42,6",808,"88,8",36,4,0,0,66,"7,2",0,0,nov/2023 a dez/2025,METROPOLITANA II,MACRO II
NORTE,PA,150030,AFUA,40246,11041,7886,1361,"17,3",5533,203,"14,9",0,0,220,"16,2",998,"73,3",728,"60,3",480,"39,7",1092,"90,4",76,"6,3",5,"0,4",35,"2,9",0,0,nov/2023 a dez/2025,MARAJÓ I,MACRO I
NORTE,PA,150034,AGUA AZUL DO NORTE,17960,6694,4450,271,"6,1",896,26,"9,6",1,"0,4",6,"2,2",148,"54,6",154,"62,6",92,"37,4",197,"80,1",32,13,2,"0,8",15,"6,1",0,0,nov/2023 a dez/2025,ARAGUAIA,MACRO IV
NORTE,PA,150040,ALENQUER,74836,21957,4901,1279,"26,1",4675,182,"14,2",3,"0,2",27,"2,1",830,"64,9",700,"60,2",462,"39,8",1002,"86,2",92,"7,9",3,"0,3",65,"5,6",0,0,nov/2023 a dez/2025,BAIXO AMAZONAS,MACRO III
NORTE,PA,150050,ALMEIRIM,36334,12665,8098,2964,"36,6",11102,459,"15,5",4,"0,1",1094,"36,9",1916,"64,6",1742,65,938,35,2511,"93,7",95,"3,5",16,"0,6",58,"2,2",0,0,nov/2023 a dez/2025,BAIXO AMAZONAS,MACRO III
NORTE,PA,150060,ALTAMIRA,136982,54274,14059,1341,"9,5",4604,208,"15,5",8,"0,6",29,"2,2",785,"58,5",905,"76,9",272,"23,1",922,"78,3",131,"11,1",30,"2,5",85,"7,2",9,"0,8",nov/2023 a dez/2025,XINGU,MACRO III
NORTE,PA,150070,ANAJAS,30003,7665,6541,2455,"37,5",9587,335,"13,6",0,0,220,9,1756,"71,5",1422,"65,9",737,"34,1",1865,"86,4",223,"10,3",4,"0,2",67,"3,1",0,0,nov/2023 a dez/2025,MARAJÓ II,MACRO I
NORTE,PA,150080,ANANINDEUA,507838,187386,84200,14062,"16,7",48756,1689,12,55,"0,4",84,"0,6",7867,"55,9",9288,"73,8",3298,"26,2",9832,"78,1",1574,"12,5",46,"0,4",1125,"8,9",12,"0,1",nov/2023 a dez/2025,METROPOLITANA I,MACRO I
NORTE,PA,150085,ANAPU,34947,13000,6470,821,"12,7",2967,76,"9,3",0,0,15,"1,8",557,"67,8",498,"66,7",249,"33,3",532,"71,2",89,"11,9",8,"1,1",117,"15,7",1,"0,1",nov/2023 a dez/2025,XINGU,MACRO III
NORTE,PA,150090,AUGUSTO CORREA,47596,13983,9148,1767,"19,3",6447,216,"12,2",1,"0,1",294,"16,6",1124,"63,6",1189,"71,6",472,"28,4",1530,"92,1",50,3,46,"2,8",35,"2,1",0,0,nov/2023 a dez/2025,RIO CAETÉS,MACRO II
NORTE,PA,150095,AURORA DO PARA,24321,8261,7661,2422,"31,6",8622,294,"12,1",0,0,80,"3,3",1503,"62,1",1200,"56,9",908,"43,1",1813,86,152,"7,2",11,"0,5",132,"6,3",0,0,nov/2023 a dez/2025,METROPOLITANA III,MACRO II
NORTE,PA,150100,AVEIRO,19223,6499,3405,566,"16,6",1881,52,"9,2",0,0,358,"63,3",339,"59,9",232,"45,6",277,"54,4",398,"78,2",14,"2,8",7,"1,4",20,"3,9",70,"13,8",nov/2023 a dez/2025,TAPAJÓS,MACRO III
NORTE,PA,150110,BAGRE,34633,6489,3352,1266,"37,8",4590,123,"9,7",0,0,76,6,915,"72,3",879,"74,4",302,"25,6",1069,"90,5",69,"5,8",0,0,42,"3,6",1,"0,1",nov/2023 a dez/2025,MARAJÓ II,MACRO I
NORTE,PA,150120,BAIAO,55949,13603,6046,1119,"18,5",4135,157,14,1,"0,1",314,"28,1",728,"65,1",686,"72,8",256,"27,2",682,"72,4",96,"10,2",0,0,164,"17,4",0,0,nov/2023 a dez/2025,TOCANTINS,MACRO I
NORTE,PA,150125,BANNACH,4252,1894,1145,114,10,340,13,"11,4",0,0,1,"0,9",67,"58,8",66,"60,5",43,"39,5",85,78,10,"9,2",0,0,14,"12,8",0,0,nov/2023 a dez/2025,ARAGUAIA,MACRO IV
NORTE,PA,150130,BARCARENA,137331,48232,31987,8566,"26,8",30976,1200,14,6,"0,1",803,"9,4",5278,"61,6",5814,"78,5",1588,"21,4",6558,"88,6",479,"6,5",22,"0,3",343,"4,6",2,0,nov/2023 a dez/2025,TOCANTINS,MACRO I
NORTE,PA,150140,BELEM,1398531,528989,128159,31277,"24,4",95740,5150,"16,5",48,"0,2",515,"1,6",14906,"47,7",22048,"76,8",6641,"23,1",21736,"75,8",3433,12,244,"0,8",3262,"11,4",19,"0,1",nov/2023 a dez/2025,METROPOLITANA I,MACRO I
NORTE,PA,150145,BELTERRA,18954,7597,5978,1213,"20,3",4521,271,"22,3",0,0,396,"32,6",794,"65,5",552,"54,9",453,"45,1",897,"89,2",50,5,4,"0,4",47,"4,7",7,"0,7",nov/2023 a dez/2025,BAIXO AMAZONAS,MACRO III
NORTE,PA,150150,BENEVIDES,68191,26334,17000,2331,"13,7",7878,389,"16,7",2,"0,1",15,"0,6",1349,"57,9",1614,"78,8",435,"21,2",1737,"84,8",181,"8,8",6,"0,3",127,"6,2",0,0,nov/2023 a dez/2025,METROPOLITANA I,MACRO I
NORTE,PA,150157,BOM JESUS DO TOCANTINS,18958,5813,4442,809,"18,2",3022,89,11,0,0,18,"2,2",503,"62,2",539,"72,1",209,"27,9",674,"90,1",39,"5,2",3,"0,4",31,"4,1",1,"0,1",nov/2023 a dez/2025,CARAJÁS,MACRO IV
NORTE,PA,150160,BONITO,12998,5312,3833,873,"22,8",2685,131,15,0,0,31,"3,6",456,"52,2",394,"52,1",362,"47,9",641,"84,8",59,"7,8",1,"0,1",55,"7,3",0,0,nov/2023 a dez/2025,RIO CAETÉS,MACRO II
NORTE,PA,150170,BRAGANCA,131679,44053,34631,5658,"16,3",18606,718,"12,7",12,"0,2",2093,37,3257,"57,6",3592,"70,7",1491,"29,3",4784,"94,1",115,"2,3",107,"2,1",78,"1,5",0,0,nov/2023 a dez/2025,RIO CAETÉS,MACRO II
NORTE,PA,150172,BRASIL NOVO,26606,8945,2555,284,"11,1",876,39,"13,7",0,0,2,"0,7",176,62,145,"59,2",100,"40,8",192,"78,4",25,"10,2",5,2,23,"9,4",0,0,nov/2023 a dez/2025,XINGU,MACRO III
NORTE,PA,150175,BREJO GRANDE DO ARAGUAIA,6985,2963,2065,27,"1,3",96,6,"22,2",0,0,1,"3,7",16,"59,3",17,"70,8",7,"29,2",18,75,1,"4,2",3,"12,5",2,"8,3",0,0,nov/2023 a dez/2025,CARAJÁS,MACRO IV
NORTE,PA,150178,BREU BRANCO,47351,16756,9188,1495,"16,3",4729,166,"11,1",1,"0,1",116,"7,8",878,"58,7",1020,"76,6",312,"23,4",974,"73,1",165,"12,4",15,"1,1",177,"13,3",2,"0,1",nov/2023 a dez/2025,LAGO TUCURUÍ,MACRO IV
NORTE,PA,150180,BREVES,115051,28115,4488,1008,"22,5",3777,134,"13,3",3,"0,3",72,"7,1",647,"64,2",663,"76,8",200,"23,2",722,"83,7",83,"9,6",7,"0,8",51,"5,9",0,0,nov/2023 a dez/2025,MARAJÓ II,MACRO I
NORTE,PA,150190,BUJARU,25112,8916,4901,1314,"26,8",4331,229,"17,4",0,0,19,"1,4",776,"59,1",734,"61,3",463,"38,7",1065,89,30,"2,5",1,"0,1",101,"8,4",0,0,nov/2023 a dez/2025,METROPOLITANA II,MACRO II
NORTE,PA,150195,CACHOEIRA DO PIRIA,19578,7320,4703,1478,"31,4",4725,258,"17,5",1,"0,1",270,"18,3",859,"58,1",864,"65,5",456,"34,5",1012,"76,7",102,"7,7",2,"0,1",204,"15,4",0,0,nov/2023 a dez/2025,RIO CAETÉS,MACRO II
NORTE,PA,150200,CACHOEIRA DO ARARI,25243,7239,2467,562,"22,8",2090,80,"14,2",2,"0,4",14,"2,5",355,"63,2",370,"77,2",109,"22,8",391,"81,6",38,"7,9",8,"1,7",42,"8,8",0,0,nov/2023 a dez/2025,MARAJÓ I,MACRO I
NORTE,PA,150210,CAMETA,143837,39905,31921,8670,"27,2",27722,809,"9,3",21,"0,2",3850,"44,4",4976,"57,4",4223,"55,7",3361,"44,3",6482,"85,5",622,"8,2",7,"0,1",472,"6,2",2,0,nov/2023 a dez/2025,TOCANTINS,MACRO I
NORTE,PA,150215,CANAA DOS CARAJAS,86629,28605,11877,829,7,3199,111,"13,4",2,"0,2",5,"0,6",597,72,566,"85,1",99,"14,9",516,"77,6",83,"12,5",17,"2,6",48,"7,2",1,"0,1",nov/2023 a dez/2025,CARAJÁS,MACRO IV
NORTE,PA,150220,CAPANEMA,74808,57668,15594,1918,"12,3",6173,339,"17,7",5,"0,3",17,"0,9",1036,54,1248,"73,5",450,"26,5",1423,"83,8",195,"11,5",7,"0,4",72,"4,2",1,"0,1",nov/2023 a dez/2025,RIO CAETÉS,MACRO II
NORTE,PA,150230,CAPITAO POCO,59960,23019,2001,53,"2,6",171,7,"13,2",1,"1,9",1,"1,9",33,"62,3",33,75,11,25,38,"86,4",1,"2,3",3,"6,8",2,"4,5",0,0,nov/2023 a dez/2025,METROPOLITANA III,MACRO II
NORTE,PA,150240,CASTANHAL,207603,80009,51483,7308,"14,2",25031,862,"11,8",2,0,95,"1,3",4397,"60,2",5220,"79,3",1362,"20,7",5671,"86,2",583,"8,9",12,"0,2",317,"4,8",1,0,nov/2023 a dez/2025,METROPOLITANA III,MACRO II
NORTE,PA,150250,CHAVES,21487,5818,2943,978,"33,2",3650,107,"10,9",0,0,51,"5,2",684,"69,9",478,56,376,44,742,"86,9",30,"3,5",4,"0,5",79,"9,2",0,0,nov/2023 a dez/2025,MARAJÓ I,MACRO I
NORTE,PA,150260,COLARES,13526,5678,2334,766,"32,8",2440,111,"14,5",1,"0,1",177,"23,1",457,"59,7",486,"69,3",215,"30,7",639,"91,2",41,"5,8",0,0,22,"3,1",0,0,nov/2023 a dez/2025,METROPOLITANA II,MACRO II
NORTE,PA,150270,CONCEICAO DO ARAGUAIA,47099,19636,12077,1625,"13,5",5065,258,"15,9",10,"0,6",71,"4,4",814,"50,1",843,"56,7",644,"43,3",1010,"67,9",261,"17,6",45,3,170,"11,4",1,"0,1",nov/2023 a dez/2025,ARAGUAIA,MACRO IV
NORTE,PA,150275,CONCORDIA DO PARA,28287,9660,6225,2363,38,7406,269,"11,4",0,0,802,"33,9",1415,"59,9",1279,"59,5",872,"40,5",1416,"65,8",92,"4,3",2,"0,1",642,"29,9",0,0,nov/2023 a dez/2025,METROPOLITANA II,MACRO II
NORTE,PA,150276,CUMARU DO NORTE,14937,5101,2527,136,"5,4",451,11,"8,1",2,"1,5",3,"2,2",77,"56,6",53,"42,4",72,"57,6",95,76,12,"9,6",2,"1,6",15,12,1,"0,8",nov/2023 a dez/2025,ARAGUAIA,MACRO IV
NORTE,PA,150277,CURIONOPOLIS,20859,9067,5870,64,"1,1",239,11,"17,2",0,0,1,"1,6",39,"60,9",49,"84,5",9,"15,5",47,81,7,"12,1",2,"3,5",2,"3,5",0,0,nov/2023 a dez/2025,CARAJÁS,MACRO IV
NORTE,PA,150280,CURRALINHO,36451,9649,2466,820,"33,3",3073,111,"13,5",3,"0,4",98,12,572,"69,8",382,52,353,48,612,"83,3",81,11,5,"0,7",37,5,0,0,nov/2023 a dez/2025,MARAJÓ II,MACRO I
NORTE,PA,150285,CURUA,14834,5183,3553,778,"21,9",2649,79,"10,2",1,"0,1",378,"48,6",501,"64,4",483,"71,6",192,"28,4",624,"92,4",28,"4,2",2,"0,3",21,"3,1",0,0,nov/2023 a dez/2025,BAIXO AMAZONAS,MACRO III
NORTE,PA,150290,CURUCA,44413,15589,9218,1468,"15,9",4848,276,"18,8",1,"0,1",57,"3,9",809,"55,1",961,"74,4",330,"25,6",1136,88,100,"7,8",1,"0,1",54,"4,2",0,0,nov/2023 a dez/2025,METROPOLITANA III,MACRO II
NORTE,PA,150293,DOM ELISEU,62322,16018,8943,906,"10,1",3205,152,"16,8",0,0,1,"0,1",542,"59,8",639,"82,9",132,"17,1",548,"71,1",111,"14,4",7,"0,9",105,"13,6",0,0,nov/2023 a dez/2025,CARAJÁS,MACRO IV
NORTE,PA,150295,ELDORADO DO CARAJAS,29425,12326,6913,1130,"16,3",3644,152,"13,5",0,0,7,"0,6",689,61,725,"67,4",350,"32,6",788,"73,3",132,"12,3",11,1,143,"13,3",1,"0,1",nov/2023 a dez/2025,CARAJÁS,MACRO IV
NORTE,PA,150300,FARO,9125,2667,2661,1309,"49,2",4811,122,"9,3",4,"0,3",618,"47,2",753,"57,5",547,"54,5",457,"45,5",933,"92,9",56,"5,6",4,"0,4",11,"1,1",0,0,nov/2023 a dez/2025,BAIXO AMAZONAS,MACRO III
NORTE,PA,150304,FLORESTA DO ARAGUAIA,18565,8732,6497,1225,"18,9",3714,118,"9,6",0,0,21,"1,7",692,"56,5",728,"63,1",426,"36,9",837,"72,5",156,"13,5",51,"4,4",109,"9,4",1,"0,1",nov/2023 a dez/2025,ARAGUAIA,MACRO IV
NORTE,PA,150307,GARRAFAO DO NORTE,25552,9944,5669,1898,"33,5",6248,174,"9,2",0,0,187,"9,9",1201,"63,3",1114,"67,2",545,"32,9",1550,"93,4",79,"4,8",9,"0,5",22,"1,3",0,0,nov/2023 a dez/2025,METROPOLITANA III,MACRO II
NORTE,PA,150309,GOIANESIA DO PARA,27059,10964,3033,566,"18,7",1806,92,"16,3",4,"0,7",44,"7,8",327,"57,8",390,"79,4",101,"20,6",361,"73,5",65,"13,2",11,"2,2",53,"10,8",1,"0,2",nov/2023 a dez/2025,LAGO TUCURUÍ,MACRO IV
NORTE,PA,150310,GURUPA,33922,8645,2956,684,"23,1",2832,101,"14,8",1,"0,1",228,"33,3",510,"74,6",328,"52,5",297,"47,5",530,"84,8",53,"8,5",7,"1,1",35,"5,6",0,0,nov/2023 a dez/2025,MARAJÓ II,MACRO I
NORTE,PA,150320,IGARAPE-ACU,37855,14608,11256,1742,"15,5",5685,254,"14,6",0,0,45,"2,6",1004,"57,6",1151,"75,6",372,"24,4",1331,"87,4",100,"6,6",10,"0,7",82,"5,4",0,0,nov/2023 a dez/2025,METROPOLITANA III,MACRO II
NORTE,PA,150330,IGARAPE-MIRI,68955,19842,12609,3935,"31,2",13405,508,"12,9",5,"0,1",950,"24,1",2350,"59,7",1805,52,1665,48,2738,"78,9",344,"9,9",7,"0,2",381,11,0,0,nov/2023 a dez/2025,TOCANTINS,MACRO I
NORTE,PA,150340,INHANGAPI,10754,4068,2946,222,"7,5",744,19,"8,6",0,0,16,"7,2",137,"61,7",137,71,56,29,141,"73,1",31,"16,1",0,0,21,"10,9",0,0,nov/2023 a dez/2025,METROPOLITANA III,MACRO II
NORTE,PA,150345,IPIXUNA DO PARA,30158,11017,10092,3482,"34,5",11613,485,"13,9",4,"0,1",106,3,2115,"60,7",2025,"67,4",980,"32,6",2539,"84,5",222,"7,4",13,"0,4",230,"7,7",1,0,nov/2023 a dez/2025,METROPOLITANA III,MACRO II
NORTE,PA,150350,IRITUIA,32698,11840,631,60,"9,5",215,14,"23,3",0,0,4,"6,7",37,"61,7",33,"82,5",7,"17,5",22,55,10,25,1,"2,5",7,"17,5",0,0,nov/2023 a dez/2025,METROPOLITANA III,MACRO II
NORTE,PA,150360,ITAITUBA,133684,46002,21464,4590,"21,4",17057,542,"11,8",2,0,647,"14,1",2997,"65,3",2978,"77,8",852,"22,2",3210,"83,8",356,"9,3",15,"0,4",234,"6,1",15,"0,4",nov/2023 a dez/2025,TAPAJÓS,MACRO III
NORTE,PA,150370,ITUPIRANGA,52187,17966,10643,2410,"22,6",9054,294,"12,2",0,0,59,"2,4",1540,"63,9",1394,"72,3",533,"27,7",1422,"73,8",240,"12,4",39,2,226,"11,7",1,"0,1",nov/2023 a dez/2025,CARAJÁS,MACRO IV
NORTE,PA,150375,JACAREACANGA,26006,6871,2678,230,"8,6",845,45,"19,6",45,"19,6",19,"8,3",150,"65,2",128,"66,7",64,"33,3",85,"44,3",10,"5,2",2,1,11,"5,7",84,"43,8",nov/2023 a dez/2025,TAPAJÓS,MACRO III
NORTE,PA,150380,JACUNDA,38391,15759,11807,1177,10,3696,144,"12,2",0,0,5,"0,4",673,"57,2",791,"74,3",273,"25,7",878,"82,5",95,"8,9",3,"0,3",88,"8,3",0,0,nov/2023 a dez/2025,LAGO TUCURUÍ,MACRO IV
NORTE,PA,150390,JURUTI,53952,16369,6280,976,"15,5",3655,139,"14,2",0,0,137,14,650,"66,6",504,"59,7",340,"40,3",811,"96,1",23,"2,7",2,"0,2",7,"0,8",1,"0,1",nov/2023 a dez/2025,BAIXO AMAZONAS,MACRO III
NORTE,PA,150400,LIMOEIRO DO AJURU,31778,8284,7583,2809,37,9606,328,"11,7",0,0,1151,41,1769,63,1572,"59,6",1064,"40,4",2359,"89,5",213,"8,1",0,0,65,"2,5",0,0,nov/2023 a dez/2025,TOCANTINS,MACRO I
NORTE,PA,150405,MAE DO RIO,37048,11584,5748,1199,"20,9",4192,155,"12,9",0,0,16,"1,3",787,"65,6",797,"74,3",276,"25,7",880,82,111,"10,3",21,2,61,"5,7",0,0,nov/2023 a dez/2025,METROPOLITANA III,MACRO II
NORTE,PA,150410,MAGALHAES BARATA,8428,3320,2303,784,34,2690,158,"20,2",0,0,0,0,421,"53,7",431,"62,4",260,"37,6",598,"86,5",34,"4,9",2,"0,3",57,"8,2",0,0,nov/2023 a dez/2025,METROPOLITANA III,MACRO II
NORTE,PA,150420,MARABA,288513,106660,40063,6807,17,23872,948,"13,9",4,"0,1",55,"0,8",4287,63,4697,"76,9",1413,"23,1",4928,"80,7",610,10,72,"1,2",494,"8,1",6,"0,1",nov/2023 a dez/2025,CARAJÁS,MACRO IV
NORTE,PA,150430,MARACANA,27207,10466,6448,2355,"36,5",7706,344,"14,6",2,"0,1",136,"5,8",1303,"55,3",1173,54,1000,46,1955,90,159,"7,3",2,"0,1",57,"2,6",0,0,nov/2023 a dez/2025,METROPOLITANA III,MACRO II
NORTE,PA,150440,MARAPANIM,28105,14439,2039,396,"19,4",1340,58,"14,6",0,0,1,"0,3",240,"60,6",230,"62,2",140,"37,8",292,"78,9",33,"8,9",25,"6,8",20,"5,4",0,0,nov/2023 a dez/2025,METROPOLITANA III,MACRO II
NORTE,PA,150442,MARITUBA,118998,45933,25574,7946,"31,1",25066,1169,"14,7",16,"0,2",105,"1,3",4274,"53,8",5843,"81,2",1353,"18,8",5965,"82,9",678,"9,4",43,"0,6",510,"7,1",2,0,nov/2023 a dez/2025,METROPOLITANA I,MACRO I
NORTE,PA,150445,MEDICILANDIA,28633,12394,76,11,"14,5",43,3,"27,3",1,"9,1",0,0,10,"90,9",1,"33,3",2,"66,7",3,100,0,0,0,0,0,0,0,0,nov/2023 a dez/2025,XINGU,MACRO III
NORTE,PA,150450,MELGACO,29846,6244,1462,183,"12,5",754,26,"14,2",0,0,1,"0,5",121,"66,1",143,"83,1",29,"16,9",145,"84,3",20,"11,6",1,"0,6",6,"3,5",0,0,nov/2023 a dez/2025,MARAJÓ II,MACRO I
NORTE,PA,150460,MOCAJUBA,28821,8411,4935,1093,"22,1",3820,166,"15,2",6,"0,5",334,"30,6",683,"62,5",577,"58,6",407,"41,4",607,"61,7",83,"8,4",1,"0,1",292,"29,7",1,"0,1",nov/2023 a dez/2025,TOCANTINS,MACRO I
NORTE,PA,150470,MOJU,90795,30029,556,16,"2,9",69,2,"12,5",0,0,2,"12,5",11,"68,8",7,70,3,30,7,70,2,20,0,0,1,10,0,0,nov/2023 a dez/2025,TOCANTINS,MACRO I
NORTE,PA,150475,MOJUI DOS CAMPOS,25312,9912,7105,1561,22,4936,268,"17,2",0,0,67,"4,3",866,"55,5",834,"58,2",598,"41,8",1317,92,77,"5,4",9,"0,6",28,2,1,"0,1",nov/2023 a dez/2025,BAIXO AMAZONAS,MACRO III
NORTE,PA,150480,MONTE ALEGRE,63641,24608,15081,3069,"20,4",9972,489,"15,9",0,0,29,"0,9",1875,"61,1",1684,"60,7",1092,"39,3",2520,"90,8",185,"6,7",10,"0,4",61,"2,2",0,0,nov/2023 a dez/2025,BAIXO AMAZONAS,MACRO III
NORTE,PA,150490,MUANA,48955,12700,5032,1564,"31,1",5580,259,"16,6",0,0,126,"8,1",1030,"65,9",1104,"76,9",331,"23,1",1140,"79,4",133,"9,3",7,"0,5",154,"10,7",1,"0,1",nov/2023 a dez/2025,MARAJÓ I,MACRO I
NORTE,PA,150495,NOVA ESPERANCA DO PIRIA,21259,7914,4296,2570,"59,8",8167,245,"9,5",4,"0,2",16,"0,6",1554,"60,5",1362,"62,1",832,"37,9",2036,"92,8",90,"4,1",1,"0,1",67,3,0,0,nov/2023 a dez/2025,METROPOLITANA III,MACRO II
NORTE,PA,150497,NOVA IPIXUNA,14417,6156,2154,155,"7,2",543,25,"16,1",0,0,1,"0,6",98,"63,2",78,"60,5",51,"39,5",93,"72,1",11,"8,5",5,"3,9",20,"15,5",0,0,nov/2023 a dez/2025,CARAJÁS,MACRO IV
NORTE,PA,150500,NOVA TIMBOTEUA,13204,5741,4923,517,"10,5",1552,102,"19,7",0,0,1,"0,2",263,"50,9",319,"70,7",132,"29,3",392,"86,9",32,"7,1",4,"0,9",23,"5,1",0,0,nov/2023 a dez/2025,RIO CAETÉS,MACRO II
NORTE,PA,150503,NOVO PROGRESSO,36518,13888,9470,665,7,2547,79,"11,9",0,0,3,"0,5",468,"70,4",475,"80,9",112,"19,1",457,"77,8",68,"11,6",30,"5,1",31,"5,3",1,"0,2",nov/2023 a dez/2025,TAPAJÓS,MACRO III
NORTE,PA,150506,NOVO REPARTIMENTO,63754,26251,7562,2140,"28,3",6600,176,"8,2",4,"0,2",20,"0,9",1204,"56,3",1295,"69,2",577,"30,8",1367,73,279,"14,9",64,"3,4",162,"8,7",0,0,nov/2023 a dez/2025,LAGO TUCURUÍ,MACRO IV
NORTE,PA,150510,OBIDOS,55271,19177,11886,1538,"12,9",5249,262,17,3,"0,2",653,"42,5",907,59,837,"60,1",555,"39,9",947,68,102,"7,3",1,"0,1",342,"24,6",0,0,nov/2023 a dez/2025,BAIXO AMAZONAS,MACRO III
NORTE,PA,150520,OEIRAS DO PARA,36377,9863,3299,805,"24,4",2954,107,"13,3",0,0,180,"22,4",532,"66,1",515,"68,6",236,"31,4",649,"86,4",41,"5,5",1,"0,1",60,8,0,0,nov/2023 a dez/2025,TOCANTINS,MACRO I
NORTE,PA,150530,ORIXIMINA,72460,22520,14502,4019,"27,7",15543,776,"19,3",0,0,1062,"26,4",2563,"63,8",2517,"71,6",1000,"28,4",2638,75,279,"7,9",24,"0,7",544,"15,5",32,"0,9",nov/2023 a dez/2025,BAIXO AMAZONAS,MACRO III
NORTE,PA,150540,OUREM,18675,7077,4173,289,"6,9",990,33,"11,4",1,"0,3",14,"4,8",169,"58,5",154,"60,4",101,"39,6",237,"92,9",3,"1,2",0,0,15,"5,9",0,0,nov/2023 a dez/2025,RIO CAETÉS,MACRO II
NORTE,PA,150543,OURILANDIA DO NORTE,34905,13444,10660,1226,"11,5",4420,138,"11,3",4,"0,3",23,"1,9",739,"60,3",810,"73,2",296,"26,8",845,"76,4",174,"15,7",10,"0,9",76,"6,9",1,"0,1",nov/2023 a dez/2025,ARAGUAIA,MACRO IV
NORTE,PA,150548,PACAJA,43594,17538,9784,1490,"15,2",5227,165,"11,1",0,0,4,"0,3",955,"64,1",779,"59,6",527,"40,4",1069,"81,8",114,"8,7",17,"1,3",106,"8,1",0,0,nov/2023 a dez/2025,XINGU,MACRO III
NORTE,PA,150549,PALESTINA DO PARA,7086,2951,1548,391,"25,3",1393,40,"10,2",3,"0,8",6,"1,5",272,"69,6",220,"69,4",97,"30,6",258,"81,4",24,"7,6",2,"0,6",33,"10,4",0,0,nov/2023 a dez/2025,CARAJÁS,MACRO IV
NORTE,PA,150550,PARAGOMINAS,112843,38234,27828,5097,"18,3",18461,727,"14,3",10,"0,2",115,"2,3",3211,63,3836,"82,5",811,"17,4",3710,"79,8",445,"9,6",50,"1,1",441,"9,5",4,"0,1",nov/2023 a dez/2025,METROPOLITANA III,MACRO II
NORTE,PA,150553,PARAUAPEBAS,298854,104820,22720,3346,"14,7",11325,472,"14,1",3,"0,1",24,"0,7",2063,"61,7",2580,"83,5",509,"16,5",2336,"75,6",312,"10,1",157,"5,1",284,"9,2",1,0,nov/2023 a dez/2025,CARAJÁS,MACRO IV
NORTE,PA,150555,PAU D'ARCO,7296,3222,2308,356,"15,4",1107,41,"11,5",0,0,2,"0,6",181,"50,8",206,65,111,35,267,"84,2",29,"9,2",1,"0,3",20,"6,3",0,0,nov/2023 a dez/2025,ARAGUAIA,MACRO IV
NORTE,PA,150560,PEIXE-BOI,8651,3950,3245,178,"5,5",502,23,"12,9",0,0,2,"1,1",92,"51,7",84,"54,2",71,"45,8",147,"94,8",4,"2,6",0,0,4,"2,6",0,0,nov/2023 a dez/2025,RIO CAETÉS,MACRO II
NORTE,PA,150563,PICARRA,13341,5452,3346,133,4,497,10,"7,5",0,0,103,"77,4",91,"68,4",62,"53,5",54,"46,5",91,"78,5",10,"8,6",1,"0,9",14,"12,1",0,0,nov/2023 a dez/2025,CARAJÁS,MACRO IV
NORTE,PA,150565,PLACAS,18772,8166,5071,846,"16,7",2678,81,"9,6",0,0,8,"0,9",518,"61,2",541,"70,3",229,"29,7",563,"73,1",97,"12,6",18,"2,3",90,"11,7",2,"0,3",nov/2023 a dez/2025,BAIXO AMAZONAS,MACRO III
NORTE,PA,150570,PONTA DE PEDRAS,25767,9505,4144,1507,"36,4",5152,174,"11,5",1,"0,1",96,"6,4",900,"59,7",972,"69,7",423,"30,3",1184,"84,9",113,"8,1",2,"0,1",96,"6,9",0,0,nov/2023 a dez/2025,MARAJÓ I,MACRO I
NORTE,PA,150580,PORTEL,66898,15318,10091,3947,"39,1",16863,599,"15,2",3,"0,1",718,"18,2",3045,"77,1",2843,"79,9",715,"20,1",2998,"84,3",277,"7,8",13,"0,4",269,"7,6",1,0,nov/2023 a dez/2025,MARAJÓ II,MACRO I
NORTE,PA,150590,PORTO DE MOZ,43673,10520,5251,1892,36,6845,285,"15,1",0,0,432,"22,8",1356,"71,7",1329,76,419,24,1593,"91,1",82,"4,7",20,"1,1",53,3,0,0,nov/2023 a dez/2025,XINGU,MACRO III
NORTE,PA,150600,PRAINHA,38318,12611,8578,2146,25,7492,290,"13,5",0,0,203,"9,5",1502,70,1102,"55,5",885,"44,5",1828,92,73,"3,7",8,"0,4",77,"3,9",1,"0,1",nov/2023 a dez/2025,BAIXO AMAZONAS,MACRO III
NORTE,PA,150610,PRIMAVERA,11332,4346,2367,202,"8,5",655,53,"26,2",1,"0,5",4,2,94,"46,5",139,"81,8",31,"18,2",142,"83,5",16,"9,4",0,0,12,"7,1",0,0,nov/2023 a dez/2025,RIO CAETÉS,MACRO II
NORTE,PA,150611,QUATIPURU,11870,4439,3508,1539,"43,9",4592,237,"15,4",41,"2,7",24,"1,6",749,"48,7",1091,"79,3",285,"20,7",1171,"85,1",144,"10,5",6,"0,4",55,4,0,0,nov/2023 a dez/2025,RIO CAETÉS,MACRO II
NORTE,PA,150613,REDENCAO,91947,34459,24541,2233,"9,1",7433,270,"12,1",0,0,20,"0,9",1324,"59,3",1498,"72,3",575,"27,7",1503,"72,5",287,"13,8",29,"1,4",252,"12,2",2,"0,1",nov/2023 a dez/2025,ARAGUAIA,MACRO IV
NORTE,PA,150616,RIO MARIA,19129,8205,5626,662,"11,8",2252,94,"14,2",0,0,13,2,391,"59,1",383,"71,5",153,"28,5",387,"72,2",81,"15,1",9,"1,7",59,11,0,0,nov/2023 a dez/2025,ARAGUAIA,MACRO IV
NORTE,PA,150618,RONDON DO PARA,56593,16425,12920,553,"4,3",1902,60,"10,8",0,0,8,"1,4",296,"53,5",296,"61,8",183,"38,2",375,"78,3",45,"9,4",7,"1,5",52,"10,9",0,0,nov/2023 a dez/2025,CARAJÁS,MACRO IV
NORTE,PA,150619,RUROPOLIS,37360,11791,8569,992,"11,6",3377,151,"15,2",0,0,13,"1,3",585,59,631,"70,8",260,"29,2",668,75,122,"13,7",11,"1,2",89,10,1,"0,1",nov/2023 a dez/2025,TAPAJÓS,MACRO III
NORTE,PA,150620,SALINOPOLIS,48168,25145,5861,720,"12,3",2543,94,"13,1",5,"0,7",14,"1,9",378,"52,5",452,"76,6",138,"23,4",532,"90,2",47,8,0,0,11,"1,9",0,0,nov/2023 a dez/2025,RIO CAETÉS,MACRO II
NORTE,PA,150630,SALVATERRA,25441,10152,1897,479,"25,3",1554,106,"22,1",1,"0,2",115,24,284,"59,3",335,"78,1",94,"21,9",283,66,19,"4,4",0,0,127,"29,6",0,0,nov/2023 a dez/2025,MARAJÓ I,MACRO I
NORTE,PA,150635,SANTA BARBARA DO PARA,22288,9475,6518,1490,"22,9",4899,263,"17,7",0,0,9,"0,6",864,58,973,"73,5",350,"26,5",1158,"87,5",94,"7,1",1,"0,1",72,"5,4",0,0,nov/2023 a dez/2025,METROPOLITANA I,MACRO I
NORTE,PA,150640,SANTA CRUZ DO ARARI,7654,2059,1609,164,"10,2",622,19,"11,6",0,0,91,"55,5",102,"62,2",85,"55,9",67,"44,1",99,"65,1",21,"13,8",0,0,32,"21,1",0,0,nov/2023 a dez/2025,MARAJÓ I,MACRO I
NORTE,PA,150650,SANTA IZABEL DO PARA,78317,26281,14254,2499,"17,5",7894,352,"14,1",1,0,39,"1,6",1417,"56,7",1755,"78,3",485,"21,6",1905,85,207,"9,2",2,"0,1",128,"5,7",0,0,nov/2023 a dez/2025,METROPOLITANA II,MACRO II
NORTE,PA,150655,SANTA LUZIA DO PARA,21217,7917,5985,1825,"30,5",6350,197,"10,8",0,0,192,"10,5",1079,"59,1",1241,"72,5",471,"27,5",1505,"87,9",89,"5,2",3,"0,2",114,"6,7",1,"0,1",nov/2023 a dez/2025,RIO CAETÉS,MACRO II
NORTE,PA,150658,SANTA MARIA DAS BARREIRAS,17079,7988,2718,250,"9,2",756,31,"12,4",3,"1,2",10,4,126,"50,4",133,"57,1",100,"42,9",176,"75,5",20,"8,6",8,"3,4",25,"10,7",4,"1,7",nov/2023 a dez/2025,ARAGUAIA,MACRO IV
NORTE,PA,150660,SANTA MARIA DO PARA,25696,10335,7041,545,"7,7",1624,73,"13,4",0,0,29,"5,3",280,"51,4",311,"67,2",152,"32,8",375,81,54,"11,7",2,"0,4",32,"6,9",1,"0,2",nov/2023 a dez/2025,METROPOLITANA III,MACRO II
NORTE,PA,150670,SANTANA DO ARAGUAIA,31683,13964,6386,683,"10,7",2515,72,"10,5",1,"0,1",20,"2,9",429,"62,8",497,"80,2",123,"19,8",431,"69,5",84,"13,6",8,"1,3",80,"12,9",17,"2,7",nov/2023 a dez/2025,ARAGUAIA,MACRO IV
NORTE,PA,150680,SANTAREM,357311,118573,62943,9470,15,36051,1530,"16,2",8,"0,1",2732,"28,8",6106,"64,5",5395,"65,1",2889,"34,9",6939,"83,8",385,"4,7",8,"0,1",556,"6,7",399,"4,8",nov/2023 a dez/2025,BAIXO AMAZONAS,MACRO III
NORTE,PA,150690,SANTAREM NOVO,6348,2552,1906,384,"20,1",1310,53,"13,8",0,0,4,1,223,"58,1",219,"63,1",128,"36,9",315,"90,8",17,"4,9",0,0,15,"4,3",0,0,nov/2023 a dez/2025,RIO CAETÉS,MACRO II
NORTE,PA,150700,SANTO ANTONIO DO TAUA,29134,12648,6262,2085,"33,3",6039,452,"21,7",3,"0,1",202,"9,7",1085,52,1294,"66,6",650,"33,4",1682,"86,5",152,"7,8",1,"0,1",109,"5,6",0,0,nov/2023 a dez/2025,METROPOLITANA II,MACRO II
NORTE,PA,150710,SAO CAETANO DE ODIVELAS,17248,6582,4860,1369,"28,2",4687,246,18,2,"0,1",159,"11,6",750,"54,8",871,72,338,28,1063,"87,9",106,"8,8",0,0,40,"3,3",0,0,nov/2023 a dez/2025,METROPOLITANA II,MACRO II
NORTE,PA,150715,SAO DOMINGOS DO ARAGUAIA,21638,8531,5173,316,"6,1",1180,42,"13,3",1,"0,3",1,"0,3",189,"59,8",205,"75,9",65,"24,1",195,"72,2",36,"13,3",0,0,39,"14,4",0,0,nov/2023 a dez/2025,CARAJÁS,MACRO IV
NORTE,PA,150720,SAO DOMINGOS DO CAPIM,32449,10085,8786,3939,"44,8",13771,442,"11,2",1,0,596,"15,1",2476,"62,9",1801,"50,1",1790,"49,9",3154,"87,8",197,"5,5",9,"0,2",232,"6,5",0,0,nov/2023 a dez/2025,METROPOLITANA III,MACRO II
NORTE,PA,150730,SAO FELIX DO XINGU,65957,26484,15306,886,"5,8",3198,82,"9,3",2,"0,2",6,"0,7",544,"61,4",414,"58,7",291,"41,3",521,"73,9",108,"15,3",5,"0,7",71,"10,1",0,0,nov/2023 a dez/2025,ARAGUAIA,MACRO IV
NORTE,PA,150740,SAO FRANCISCO DO PARA,15418,6935,3430,768,"22,4",2301,88,"11,5",1,"0,1",6,"0,8",395,"51,4",413,"59,9",277,"40,1",659,"95,5",15,"2,2",0,0,16,"2,3",0,0,nov/2023 a dez/2025,METROPOLITANA III,MACRO II
NORTE,PA,150745,SAO GERALDO DO ARAGUAIA,24978,9887,7102,237,"3,3",885,29,"12,2",0,0,7,3,159,"67,1",115,"59,9",77,"40,1",103,"53,6",30,"15,6",11,"5,7",48,25,0,0,nov/2023 a dez/2025,CARAJÁS,MACRO IV
NORTE,PA,150746,SAO JOAO DA PONTA,4509,2521,642,37,"5,8",134,3,"8,1",1,"2,7",1,"2,7",24,"64,9",13,"43,3",17,"56,7",29,"96,7",1,"3,3",0,0,0,0,0,0,nov/2023 a dez/2025,METROPOLITANA III,MACRO II
NORTE,PA,150747,SAO JOAO DE PIRABAS,21447,8748,6523,3222,"49,4",10189,462,"14,3",2,"0,1",10,"0,3",1673,"51,9",1770,"62,9",1046,"37,1",2569,"91,2",178,"6,3",1,0,68,"2,4",0,0,nov/2023 a dez/2025,RIO CAETÉS,MACRO II
NORTE,PA,150750,SAO JOAO DO ARAGUAIA,14246,6042,3434,941,"27,4",3258,125,"13,3",0,0,9,1,561,"59,6",479,"58,9",335,"41,1",637,"78,3",104,"12,8",3,"0,4",70,"8,6",0,0,nov/2023 a dez/2025,CARAJÁS,MACRO IV
NORTE,PA,150760,SAO MIGUEL DO GUAMA,55798,19551,10347,2081,"20,1",6863,289,"13,9",1,0,163,"7,8",1188,"57,1",1036,"56,4",801,"43,6",1596,"86,9",72,"3,9",27,"1,5",142,"7,7",0,0,nov/2023 a dez/2025,METROPOLITANA III,MACRO II
NORTE,PA,150770,SAO SEBASTIAO DA BOA VISTA,27441,7825,5268,2696,"51,2",9268,309,"11,5",2,"0,1",1001,"37,1",1715,"63,6",1845,"73,4",668,"26,6",2244,"89,3",214,"8,5",2,"0,1",54,"2,1",0,0,nov/2023 a dez/2025,MARAJÓ I,MACRO I
NORTE,PA,150775,SAPUCAIA,6160,2117,548,9,"1,6",34,3,"33,3",0,0,1,"11,1",2,"22,2",0,0,1,100,0,0,1,100,0,0,0,0,0,0,nov/2023 a dez/2025,ARAGUAIA,MACRO IV
NORTE,PA,150780,SENADOR JOSE PORFIRIO,24441,8991,2398,518,"21,6",2044,49,"9,5",0,0,56,"10,8",363,"70,1",336,"73,2",123,"26,8",385,"83,9",39,"8,5",2,"0,4",32,7,1,"0,2",nov/2023 a dez/2025,XINGU,MACRO III
NORTE,PA,150790,SOURE,25218,9360,4846,1077,"22,2",3616,198,"18,4",1,"0,1",56,"5,2",627,"58,2",699,"70,8",289,"29,2",800,81,47,"4,8",0,0,141,"14,3",0,0,nov/2023 a dez/2025,MARAJÓ I,MACRO I
NORTE,PA,150795,TAILANDIA,75526,24962,12184,2338,"19,2",9309,293,"12,5",4,"0,2",12,"0,5",1642,"70,2",1609,"79,8",408,"20,2",1632,"80,9",275,"13,6",11,"0,6",101,5,0,0,nov/2023 a dez/2025,LAGO TUCURUÍ,MACRO IV
NORTE,PA,150796,TERRA ALTA,10815,4759,3080,291,"9,4",993,36,"12,4",0,0,2,"0,7",173,"59,5",170,"65,4",90,"34,6",217,"83,5",24,"9,2",0,0,19,"7,3",0,0,nov/2023 a dez/2025,METROPOLITANA III,MACRO II
NORTE,PA,150797,TERRA SANTA,19667,6421,2834,472,"16,7",1648,65,"13,8",1,"0,2",35,"7,4",283,60,281,"66,3",143,"33,7",371,"87,5",45,"10,6",3,"0,7",6,"1,4",0,0,nov/2023 a dez/2025,BAIXO AMAZONAS,MACRO III
NORTE,PA,150800,TOME-ACU,72326,24276,17033,3087,"18,1",10590,301,"9,8",0,0,163,"5,3",2107,"68,3",2080,"73,8",738,"26,2",2133,"75,7",346,"12,3",15,"0,5",317,"11,2",7,"0,2",nov/2023 a dez/2025,METROPOLITANA II,MACRO II
NORTE,PA,150803,TRACUATEUA,30373,10705,7596,1414,"18,6",4327,213,"15,1",0,0,62,"4,4",836,"59,1",809,"60,7",524,"39,3",1250,"93,8",44,"3,3",6,"0,5",33,"2,5",0,0,nov/2023 a dez/2025,RIO CAETÉS,MACRO II
NORTE,PA,150805,TRAIRAO,15619,5936,5017,422,"8,4",1533,60,"14,2",0,0,0,0,286,"67,8",209,"57,4",155,"42,6",280,"76,9",54,"14,8",1,"0,3",28,"7,7",1,"0,3",nov/2023 a dez/2025,TAPAJÓS,MACRO III
NORTE,PA,150808,TUCUMA,42480,14743,11523,318,"2,8",1189,29,"9,1",1,"0,3",6,"1,9",211,"66,4",213,"80,7",51,"19,3",187,"70,8",44,"16,7",2,"0,8",30,"11,4",1,"0,4",nov/2023 a dez/2025,ARAGUAIA,MACRO IV
NORTE,PA,150810,TUCURUI,96238,34412,13662,1218,"8,9",4613,205,"16,8",2,"0,2",27,"2,2",700,"57,5",758,"67,8",360,"32,2",837,"74,9",155,"13,9",12,"1,1",114,"10,2",0,0,nov/2023 a dez/2025,LAGO TUCURUÍ,MACRO IV
NORTE,PA,150812,ULIANOPOLIS,39576,10653,7728,616,8,2184,90,"14,6",0,0,14,"2,3",374,"60,7",379,76,120,"24,1",412,"82,6",41,"8,2",5,1,41,"8,2",0,0,nov/2023 a dez/2025,METROPOLITANA III,MACRO II
NORTE,PA,150815,URUARA,45939,19612,5917,545,"9,2",1719,64,"11,7",0,0,16,"2,9",327,60,260,"52,1",239,"47,9",335,"67,1",79,"15,8",24,"4,8",61,"12,2",0,0,nov/2023 a dez/2025,XINGU,MACRO III
NORTE,PA,150820,VIGIA,53806,19269,92,15,"16,3",64,3,20,0,0,1,"6,7",10,"66,7",3,60,2,40,5,100,0,0,0,0,0,0,0,0,nov/2023 a dez/2025,METROPOLITANA II,MACRO II
NORTE,PA,150830,VISEU,61970,19279,11796,1260,"10,7",4512,202,16,0,0,6,"0,5",823,"65,3",735,"61,6",459,"38,4",1091,"91,4",77,"6,5",3,"0,2",23,"1,9",0,0,nov/2023 a dez/2025,RIO CAETÉS,MACRO II
NORTE,PA,150835,VITORIA DO XINGU,16414,7282,1956,161,"8,2",613,35,"21,7",3,"1,9",6,"3,7",107,"66,5",102,"72,3",39,"27,7",107,"75,9",20,"14,2",3,"2,1",10,"7,1",1,"0,7",nov/2023 a dez/2025,XINGU,MACRO III
NORTE,PA,150840,XINGUARA,56999,20962,12291,1225,10,4370,145,"11,8",0,0,7,"0,6",783,"63,9",775,"72,3",297,"27,7",773,"72,1",194,"18,1",11,1,95,"8,9",0,0,nov/2023 a dez/2025,ARAGUAIA,MACRO IV